{
  "project_info": {
    "project_number": "282543898764",
    "firebase_url": "https://conciergesample.firebaseio.com",
    "project_id": "conciergesample",
    "storage_bucket": "conciergesample.appspot.com"
  },
  "client": [
    {
      "client_info": {
        "mobilesdk_app_id": "1:282543898764:android:3ebfdf2edae102ae",
        "android_client_info": {
          "package_name": "com.flybits.conciergesample"
        }
      },
      "oauth_client": [
        {
          "client_id": "282543898764-opm4r05ofhis738p5aek1akjccub76ef.apps.googleusercontent.com",
          "client_type": 3
        }
      ],
      "api_key": [
        {
          "current_key": "AIzaSyDeyczCEfu2G-icgZtEvPk68JEqxkQpTbQ"
        }
      ],
      "services": {
        "appinvite_service": {
          "other_platform_oauth_client": [
            {
              "client_id": "282543898764-opm4r05ofhis738p5aek1akjccub76ef.apps.googleusercontent.com",
              "client_type": 3
            }
          ]
        }
      }
    }
  ],
  "configuration_version": "1"
}